factor_index,kind,factor_id,label,pose_ids,raw_residual,normalized_norm,robust_weight
0,prior,0,prior(pose 0),[0],"[-0.02123602291736787, -0.08171720705404713, -0.028588100332776367]",0.6667306226713902,1.0
1,odometry,0,"odom(0,1)","[0, 1]","[-0.00809724516083421, 0.008503295514618866, 0.0049393620038915564]",0.39496852949721123,1.0
2,odometry,1,"odom(1,2)","[1, 2]","[-0.007643866977840363, 0.008571805626605306, 0.0038341752784138983]",0.35308456347633715,1.0
3,odometry,2,"odom(2,3)","[2, 3]","[-0.007391604577031252, 0.008607981288695821, 0.002024730494336602]",0.3019965809883986,1.0
4,odometry,3,"odom(3,4)","[3, 4]","[-0.007792355656611627, 0.008549792952082427, 1.0178079627110037e-05]",0.28239322529958405,1.0
5,odometry,4,"odom(4,5)","[4, 5]","[-0.007894239942578929, 0.008534426108368479, -0.0007744652508940852]",0.2862007394436483,1.0
6,odometry,5,"odom(5,6)","[5, 6]","[-0.0003645016050543015, 0.004340079880229712, 0.004474716482597341]",0.2778851205616695,1.0
7,odometry,6,"odom(6,7)","[6, 7]","[-5.9251665595616565e-05, 0.00434250547323458, 0.003484700336334079]",0.22994289492858538,1.0
8,odometry,7,"odom(7,8)","[7, 8]","[-0.0016186228494250443, 0.005322716156412624, 0.0021951998060005806]",0.19714676900028924,1.0
9,odometry,8,"odom(8,9)","[8, 9]","[-0.0018102921469772548, 0.005312571735594969, 0.0014950812344407538]",0.1761302306752272,1.0
10,odometry,9,"odom(9,10)","[9, 10]","[-0.0005996863432695676, 0.005357399415632964, 0.0002075499479512466]",0.15388898584293764,1.0
11,odometry,10,"odom(10,11)","[10, 11]","[-0.0011779273788865563, 0.002860876305380594, -0.0032064284632076223]",0.19715995203790584,1.0
12,odometry,11,"odom(11,12)","[11, 12]","[-0.0005012037309239936, 0.002893239438264611, -0.0035953336971621397]",0.21636254034257896,1.0
13,odometry,12,"odom(12,13)","[12, 13]","[-0.0006613700027372493, 0.0028879799076141563, -0.004266561899047172]",0.2512705886068766,1.0
14,odometry,13,"odom(13,14)","[13, 14]","[-0.000561823397065897, 0.0028913920446228467, -0.00487995851109968]",0.28359996648411295,1.0
15,odometry,14,"odom(14,15)","[14, 15]","[-0.005267552223929606, 0.002005515696580723, -0.005099040024993506]",0.30447249095693585,1.0
16,odometry,15,"odom(15,16)","[15, 16]","[-0.020696500218151392, -0.01733780838556665, 0.0038593481154558518]",0.6579969678873571,1.0
17,odometry,16,"odom(16,17)","[16, 17]","[-0.020299654352790797, -0.017414372804190732, 0.0081493661139449]",0.767306184953012,1.0
18,odometry,17,"odom(17,18)","[17, 18]","[-0.019907889573411497, -0.01748873989497271, 0.01033966588268509]",0.8430063470329588,1.0
19,odometry,18,"odom(18,19)","[18, 19]","[-0.020056420834229982, -0.017460292692532395, 0.014253177372626435]",1.0044207006382724,1.0
20,odometry,19,"odom(19,20)","[19, 20]","[-0.0312533695849333, -0.01451469700739172, 0.01669313240031478]",1.1640209424985957,1.0
21,odometry,20,"odom(20,21)","[20, 21]","[-0.002526048357691768, -0.007233195553681396, 0.01230449083303542]",0.7156146704080811,1.0
22,odometry,21,"odom(21,22)","[21, 22]","[-0.008713454434124301, -0.005729019576126617, 0.013033059337907105]",0.759047663667493,1.0
23,odometry,22,"odom(22,23)","[22, 23]","[-0.008413667602328978, -0.005800614658963191, 0.014548405442578627]",0.8391234733928276,1.0
24,odometry,23,"odom(23,24)","[23, 24]","[-0.016768158659779986, 0.01103066197146784, 0.009108613800231868]",0.6695868807122306,1.0
25,odometry,24,"odom(24,25)","[24, 25]","[-0.016155762390212824, 0.011180560968640896, 0.007819473727527448]",0.6140401274044075,1.0
26,odometry,25,"odom(25,26)","[25, 26]","[-0.0005691022360678755, 0.009263693119434088, 0.0018339509905804796]",0.2837987731337316,1.0
27,odometry,26,"odom(26,27)","[26, 27]","[-0.0007323092516947627, 0.009262606063806952, -0.00025382184219457926]",0.2653555569634387,1.0
28,odometry,27,"odom(27,28)","[27, 28]","[-0.0014401066571933518, 0.009248372211974831, -0.0012777489442781231]",0.27485808486004987,1.0
29,odometry,28,"odom(28,29)","[28, 29]","[0.004453512839781237, 0.008643677995291393, -0.002757371346958859]",0.3016841239132433,1.0
30,odometry,29,"odom(29,30)","[29, 30]","[0.013874595899557973, 0.006811299361420997, -0.003931926838196542]",0.3862984733148973,1.0
31,odometry,30,"odom(30,31)","[30, 31]","[0.007726004471507397, 0.0025600021605823274, 0.0028909784866582022]",0.22556161380719522,1.0
32,odometry,31,"odom(31,32)","[31, 32]","[0.007597087598217089, 0.0026224911944526356, 0.002266102302090456]",0.20135361909172014,1.0
33,odometry,32,"odom(32,33)","[32, 33]","[0.00755599221226011, 0.0026419050396730755, 0.0015958856495710272]",0.18008903291567646,1.0
34,odometry,33,"odom(33,34)","[33, 34]","[0.007400020321419731, 0.002713333435729229, 0.0013666836554531159]",0.17285083109176483,1.0
35,odometry,34,"odom(34,35)","[34, 35]","[0.0074015356492064255, 0.00271266616686751, 0.0006621725448932025]",0.15959413962532576,1.0
36,odometry,35,"odom(35,36)","[35, 36]","[0.03103374737325859, 0.010610056388687894, 0.004537393350739549]",0.6883440978510005,1.0
37,odometry,36,"odom(36,37)","[36, 37]","[0.031578646421102086, 0.01034304413881146, 0.0019879666347741853]",0.6551209837772027,1.0
38,odometry,37,"odom(37,38)","[37, 38]","[0.03164103847030281, 0.010311722464703434, 0.0007946253743811305]",0.6478507651531656,1.0
39,odometry,38,"odom(38,39)","[38, 39]","[0.04038436503743881, 0.0017491572439033432, 0.0013777678740964916]",0.7399296288023316,1.0
40,odometry,39,"odom(39,40)","[39, 40]","[0.04010565144934197, -0.00259589819550644, 0.0019491857587499162]",0.7409120590120001,1.0
41,odometry,40,"odom(40,41)","[40, 41]","[0.14922483408049053, -0.025852301288073094, 0.04106450290380037]",3.6209851349107187,1.0
42,odometry,41,"odom(41,42)","[41, 42]","[0.14572629655352298, -0.02894073923933748, 0.047840603213519906]",3.842903140884758,1.0
43,odometry,42,"odom(42,43)","[42, 43]","[-0.17616747028391755, -0.02232333302811391, -0.06373160342390971]",4.816893410614218,1.0
44,odometry,43,"odom(43,44)","[43, 44]","[-0.17481749484666076, -0.024000709050665703, -0.060266680130036665]",4.667246999052461,1.0
45,odometry,44,"odom(44,45)","[44, 45]","[-0.17169830295707422, -0.027446022743056922, -0.05408515872227948]",4.403281797006422,1.0
46,odometry,45,"odom(45,46)","[45, 46]","[-0.16342968449814554, -0.036560852577242633, -0.03649223541094315]",3.745773866385999,1.0
47,odometry,46,"odom(46,47)","[46, 47]","[-0.1596473545831371, -0.03920575680824984, -0.032272291731623604]",3.5909363034348494,1.0
48,odometry,47,"odom(47,48)","[47, 48]","[-0.12318358874428903, -0.03521744191609913, -0.010538062090681866]",2.5241783620093097,1.0
49,odometry,48,"odom(48,49)","[48, 49]","[-0.1473374466029087, -0.012989507092372121, -0.013496407347698192]",2.8064643948811634,1.0
50,odometry,49,"odom(49,50)","[49, 50]","[-0.15599089485806672, 0.007806911109350084, -0.014129358469528785]",2.951261086005442,1.0
51,odometry,50,"odom(50,51)","[50, 51]","[0.060562930195135534, 0.027657755160938276, 0.03672939368682071]",2.4496322508109416,1.0
52,odometry,51,"odom(51,52)","[51, 52]","[0.06163802922524886, 0.027265451735050003, 0.030546105896997577]",2.177760175283246,1.0
53,odometry,52,"odom(52,53)","[52, 53]","[0.06589253175996423, 0.025581734084009197, 0.024273584168645]",1.946298707934762,1.0
54,odometry,53,"odom(53,54)","[53, 54]","[0.06644823611816048, 0.025344887187523826, 0.020251648325972926]",1.8027298941307144,1.0
55,odometry,54,"odom(54,55)","[54, 55]","[0.06866753705871498, 0.024355443081322148, 0.013933371600322708]",1.6254792147813033,1.0
56,odometry,55,"odom(55,56)","[55, 56]","[0.012677293072199669, 0.02165093080892292, 0.0023316425555410802]",0.6727343656419915,1.0
57,odometry,56,"odom(56,57)","[56, 57]","[0.0304455073097315, 0.005500975242635535, 0.001329588697888795]",0.5801565385522323,1.0
58,odometry,57,"odom(57,58)","[57, 58]","[0.03201256043443246, 0.003769567815550205, 0.0006741231453304408]",0.5931108635343374,1.0
59,odometry,58,"odom(58,59)","[58, 59]","[0.0331096235449595, 0.001579068366359522, 0.0004948331188701083]",0.6043070198998037,1.0
60,odometry,59,"odom(59,60)","[59, 60]","[0.033331795483744875, 0.00026908595193649975, 0.0004559941053177141]",0.6066106132789446,1.0
61,odometry,60,"odom(60,61)","[60, 61]","[0.020724934530549133, -0.00786530389286152, 0.001309297665545106]",0.444727314944539,1.0
62,odometry,61,"odom(61,62)","[61, 62]","[0.020406701481657685, -0.008000599832110922, 0.003310428902119078]",0.4730122362911681,1.0
63,odometry,62,"odom(62,63)","[62, 63]","[0.020640116828996913, -0.007901763855441536, 0.005143204413462943]",0.5229192896312017,1.0
64,odometry,63,"odom(63,64)","[63, 64]","[0.028535080849340477, -0.008426849120522509, 0.005814309493508585]",0.6568734609905535,1.0
65,odometry,64,"odom(64,65)","[64, 65]","[0.027871118136405526, -0.008783686282964463, 0.007824837429903475]",0.7132677264609346,1.0
66,odometry,65,"odom(65,66)","[65, 66]","[0.029063913277693088, -0.017633139453323163, 0.0055520659432923836]",0.7925919593042093,1.0
67,odometry,66,"odom(66,67)","[66, 67]","[0.027814985651943847, -0.0179604214559778, 0.008113338681283722]",0.849856013582722,1.0
68,odometry,67,"odom(67,68)","[67, 68]","[0.027942867468278898, -0.01792779120108883, 0.012679297070347761]",1.0083034899849628,1.0
69,odometry,68,"odom(68,69)","[68, 69]","[0.021156117889449266, -0.019392020366219703, 0.017516793951464216]",1.1840489060673454,1.0
70,odometry,69,"odom(69,70)","[69, 70]","[0.006568250356200664, -0.021032665962220504, 0.01827941886432649]",1.1860312595614362,1.0
71,odometry,70,"odom(70,71)","[70, 71]","[-0.07144357343198116, 0.004801161582421359, -0.02254906635629128]",1.8098268106236999,1.0
72,odometry,71,"odom(71,72)","[71, 72]","[-0.07173122679601462, 0.004037019447880971, -0.02370610959130337]",1.8570830718345501,1.0
73,odometry,72,"odom(72,73)","[72, 73]","[-0.0701998712875338, 0.0072070166522476276, -0.026159518971931917]",1.9451475904527062,1.0
74,odometry,73,"odom(73,74)","[73, 74]","[-0.0702872303100045, 0.007066043945312878, -0.02743593959199897]",1.9992890707042412,1.0
75,odometry,74,"odom(74,75)","[74, 75]","[-0.06983447594907499, 0.007767444813993468, -0.028940878864609054]",2.0607137426025086,1.0
76,odometry,75,"odom(75,76)","[75, 76]","[-0.059086995475229, 0.014776804239179736, -0.004095401962005862]",1.1765009028525224,1.0
77,odometry,76,"odom(76,77)","[76, 77]","[-0.0437103155072216, 0.023944652445706843, -0.006982899172966572]",1.1180943446973715,1.0
78,odometry,77,"odom(77,78)","[77, 78]","[0.013837730904509682, 0.02799314463532704, -0.013482474785148746]",1.124289669827354,1.0
79,odometry,78,"odom(78,79)","[78, 79]","[0.03095725930394433, 0.02564874687666915, -0.017702601219361735]",1.3494689083708946,1.0
80,odometry,79,"odom(79,80)","[79, 80]","[0.03717200274293114, 0.024257466131013317, -0.020799989464240998]",1.5074592488728797,1.0
81,odometry,80,"odom(80,81)","[80, 81]","[0.015910770932319074, 0.02476872751893, -0.034905742413114726]",2.084471682963835,1.0
82,odometry,81,"odom(81,82)","[81, 82]","[0.01568710792566308, 0.024792120295322795, -0.03907798231982795]",2.301378225801156,1.0
83,odometry,82,"odom(82,83)","[82, 83]","[0.010829910252988684, 0.025214509519746367, -0.04104618131140958]",2.3995282312518933,1.0
84,odometry,83,"odom(83,84)","[83, 84]","[0.016177728438985794, 0.024740374795607006, -0.044759325387726534]",2.601827342971207,1.0
85,odometry,84,"odom(84,85)","[84, 85]","[0.010305661227883789, 0.007413473890632294, -0.04328304152658902]",2.421185722698774,1.0
86,odometry,85,"odom(85,86)","[85, 86]","[0.0014121423526688437, 0.002578194107149776, -0.026038804145396277]",1.448702053511095,1.0
87,odometry,86,"odom(86,87)","[86, 87]","[0.0016066010556994303, 0.002559405205999961, -0.026518046952291208]",1.4753277845670325,1.0
88,odometry,87,"odom(87,88)","[87, 88]","[0.0012448308863864943, 0.002592178101989445, -0.027011694689176302]",1.5026466706700254,1.0
89,odometry,88,"odom(88,89)","[88, 89]","[0.0015167969480471832, 0.002568243728072815, -0.027573153090640456]",1.5338462632466074,1.0
90,odometry,89,"odom(89,90)","[89, 90]","[-0.021087007909636468, -0.006286009554862159, -0.01880418539409634]",1.1272097818656444,1.0
91,odometry,90,"odom(90,91)","[90, 91]","[-0.038310028744809044, -0.007930795177191806, -0.00147970423425825]",0.7370746218901995,1.0
92,odometry,91,"odom(91,92)","[91, 92]","[-0.036122122197680406, -0.008228283363678632, 0.00041783234106063105]",0.6979608378642829,1.0
93,odometry,92,"odom(92,93)","[92, 93]","[-0.03588649072616307, -0.008395267060919918, 0.0012133239026299592]",0.6984347502587822,1.0
94,odometry,93,"odom(93,94)","[93, 94]","[-0.041383165212432904, -0.0009068807076413887, 0.000559188730703486]",0.7535078719594449,1.0
95,odometry,94,"odom(94,95)","[94, 95]","[-0.04080875960952468, 0.0029250856621084696, -0.00015729018907872927]",0.7467204858118579,1.0
96,odometry,95,"odom(95,96)","[95, 96]","[-0.05121824592414154, 0.00688771073012447, 0.007960716593477635]",1.049539034801463,1.0
97,odometry,96,"odom(96,97)","[96, 97]","[-0.05113328736581291, 0.006989029734458373, 0.006394977632290466]",1.0151014932625742,1.0
98,odometry,97,"odom(97,98)","[97, 98]","[-0.05104889816491587, 0.007087850489737729, 0.004529800404993178]",0.9827640278966072,1.0
99,odometry,98,"odom(98,99)","[98, 99]","[-0.050842204368303, 0.00732563687964248, 0.003756055464668062]",0.9705016334881201,1.0
100,odometry,99,"odom(99,100)","[99, 100]","[-0.05098786710823211, 0.007155672939895949, 0.0018608175782302006]",0.9549406889447724,1.0
101,odometry,100,"odom(100,101)","[100, 101]","[-0.09353412330687516, 0.02237593524030323, 0.016319829745825576]",2.0304820877863565,1.0
102,odometry,101,"odom(101,102)","[101, 102]","[-0.09163056378625212, 0.023630308845811226, 0.014908803509171342]",1.9792538852139225,1.0
103,odometry,102,"odom(102,103)","[102, 103]","[-0.06791133664241689, 0.034334422097519635, 0.006725221089284528]",1.6206586617449954,1.0
104,odometry,103,"odom(103,104)","[103, 104]","[-0.05332007823207929, 0.038324951653109965, -0.0029654149880364855]",1.4717363401134747,1.0
105,odometry,104,"odom(104,105)","[104, 105]","[-0.053010990542687986, 0.03839293317841187, -0.011913995179489767]",1.6032330443265987,1.0
106,odometry,105,"odom(105,106)","[105, 106]","[-0.1544940420932212, 0.06540030072080952, 0.028940819093243864]",3.7372543607663333,1.0
107,odometry,106,"odom(106,107)","[106, 107]","[-0.1480015996499311, 0.0678149599339269, 0.015201390381875513]",3.421774941486121,1.0
108,odometry,107,"odom(107,108)","[107, 108]","[-0.1433890680136095, 0.06941797114575353, 0.00033732055252810866]",3.2758120818164658,1.0
109,odometry,108,"odom(108,109)","[108, 109]","[-0.14360481677260706, 0.06934129734754091, -0.007997453831461332]",3.3075342240113095,1.0
110,odometry,109,"odom(109,110)","[109, 110]","[-0.1433035517956034, 0.0694398428176792, -0.022588858549495328]",3.5071119055918354,1.0
111,odometry,110,"odom(110,111)","[110, 111]","[-0.29242449912393575, 0.13778832719607836, 0.03603370766292269]",6.91190427338839,1.0
112,odometry,111,"odom(111,112)","[111, 112]","[-0.27769343685261805, 0.14269417671321033, 0.026778861155456468]",6.657863445911884,1.0
113,odometry,112,"odom(112,113)","[112, 113]","[-0.20627882875897352, 0.1613331224450992, -0.010330360808960215]",5.970214161639009,1.0
114,odometry,113,"odom(113,114)","[113, 114]","[-0.09375174990022861, 0.1776602509216033, -0.05032729724740115]",6.040598491365377,1.0
115,odometry,114,"odom(114,115)","[114, 115]","[-0.05435936598814478, 0.1803301475467006, -0.07364050945730316]",6.65284549047408,1.0
116,odometry,115,"odom(115,116)","[115, 116]","[0.15929576162380799, 0.3494326145448182, 0.03543428911701696]",10.58016033313797,1.0
117,odometry,116,"odom(116,117)","[116, 117]","[0.1599920354157186, 0.3493788676943534, -0.0607501972059481]",10.931516297073902,1.0
118,odometry,117,"odom(117,118)","[117, 118]","[0.10678215791362411, 0.35268965878407055, -0.15497991886575813]",13.395681165169856,1.0
119,odometry,118,"odom(118,119)","[118, 119]","[0.5053659157096433, -0.4074416673668803, -0.047078372874057806]",15.059414897876946,1.0
120,odometry,119,"odom(119,120)","[119, 120]","[0.5266004464322095, -0.4030118493945329, 0.06503083670750298]",15.404906597603377,1.0
121,odometry,120,"odom(120,121)","[120, 121]","[-0.0027688463829718124, -0.18907735212462873, -0.0625812195235822]",6.424491430197429,1.0
122,odometry,121,"odom(121,122)","[121, 122]","[0.025838795782937685, -0.18879153141446808, -0.039352456593807705]",5.8391861673755745,1.0
123,odometry,122,"odom(122,123)","[122, 123]","[-0.11220407545743227, -0.18353898911799027, -0.007823014702938114]",5.643582456300335,1.0
124,odometry,123,"odom(123,124)","[123, 124]","[-0.2899138902605923, -0.1482150938108539, 0.009707252958831791]",6.782979323865714,1.0
125,odometry,124,"odom(124,125)","[124, 125]","[-0.37702083646161927, -0.11153542561976065, 0.020762094364967343]",7.646937869035197,1.0
126,odometry,125,"odom(125,126)","[125, 126]","[-0.1271301286388553, -0.030756928763901563, 8.557955931820516e-05]",2.472871039744207,1.0
127,odometry,126,"odom(126,127)","[126, 127]","[-0.15426867161717028, -0.038101783524923744, 0.008718073920467528]",3.047467961149079,1.0
128,odometry,127,"odom(127,128)","[127, 128]","[-0.15430167574323117, -0.03807849664357327, 0.013921035822829886]",3.106852128580898,1.0
129,odometry,128,"odom(128,129)","[128, 129]","[-0.15696406417385012, -0.03624844589300573, 0.022106488855622608]",3.2750016330228022,1.0
130,odometry,129,"odom(129,130)","[129, 130]","[-0.1592565390070465, -0.03456798907910122, 0.0286213907356494]",3.4479207131553498,1.0
131,odometry,130,"odom(130,131)","[130, 131]","[-0.10869633654542776, -0.026115554803959266, 0.008339580840432514]",2.162674030264855,1.0
132,odometry,131,"odom(131,132)","[131, 132]","[-0.10898329672985874, -0.025917539496162878, 0.010740753760306365]",2.197908702346879,1.0
133,odometry,132,"odom(132,133)","[132, 133]","[-0.10942838771399643, -0.025607202475763778, 0.01606003421443125]",2.299975853797018,1.0
134,odometry,133,"odom(133,134)","[133, 134]","[-0.12061790799610839, -0.015282761123083938, 0.016532056860036448]",2.417372623816278,1.0
135,odometry,134,"odom(134,135)","[134, 135]","[-0.12582092927307886, 0.004823465656846729, 0.01449332145027249]",2.4291298981250566,1.0
136,odometry,135,"odom(135,136)","[135, 136]","[-0.09006418860662424, 0.02427726136776727, 0.014097944429535492]",1.943211251483126,1.0
137,odometry,136,"odom(136,137)","[136, 137]","[-0.08831099929389308, 0.025311188826614053, 0.00798584623799492]",1.8160241539184854,1.0
138,odometry,137,"odom(137,138)","[137, 138]","[-0.08623871788450532, 0.026456771554454278, 0.00482555521728445]",1.7611978181594834,1.0
139,odometry,138,"odom(138,139)","[138, 139]","[-0.08806675327717228, 0.025449838311657834, -0.000325527331068276]",1.758676314264481,1.0
140,odometry,139,"odom(139,140)","[139, 140]","[-0.08987372838487295, 0.02439167001795704, -0.0057000042014618835]",1.8044755040390688,1.0
141,odometry,140,"odom(140,141)","[140, 141]","[-0.08885683630608643, 0.025814622025116835, -0.006142578077183103]",1.8084648736734559,1.0
142,odometry,141,"odom(141,142)","[141, 142]","[-0.09004285473047857, 0.02513144240632912, -0.011454530888034054]",1.897571453300187,1.0
143,odometry,142,"odom(142,143)","[142, 143]","[-0.09122136319554852, 0.02442433737140948, -0.016313463793795613]",2.0147504865324386,1.0
144,odometry,143,"odom(143,144)","[143, 144]","[-0.09244445915995192, 0.023658000616550198, -0.02118843829710082]",2.1604775785202963,1.0
145,odometry,144,"odom(144,145)","[144, 145]","[-0.1290446230867874, 0.018945035853518227, -0.0372994387727581]",3.176779911293017,1.0
146,odometry,145,"odom(145,146)","[145, 146]","[-0.21436397131600915, 0.04929315798737925, -0.09287897579097626]",6.618100207898641,1.0
147,odometry,146,"odom(146,147)","[146, 147]","[0.08603313699602488, -0.01760000199382783, 0.03029624689770971]",2.3521517261247644,1.0
148,odometry,147,"odom(147,148)","[147, 148]","[0.0762884798567039, -0.02213352319988761, 0.03292668878034277]",2.381186884208734,1.0
149,odometry,148,"odom(148,149)","[148, 149]","[0.07354761991535685, -0.02360593105548049, 0.03900344327394434]",2.6340739943574856,1.0
150,odometry,149,"odom(149,150)","[149, 150]","[0.04766092670516531, -0.010723128373518319, 0.025736320567390614]",1.6997386113039852,1.0
151,odometry,150,"odom(150,151)","[150, 151]","[0.015398950155248448, -0.0011038736218421975, 0.005167649426256027]",0.40225072015238283,1.0
152,odometry,151,"odom(151,152)","[151, 152]","[0.015325436985134, -0.0012603996514965019, 0.005482221810873877]",0.4143682729779961,1.0
153,odometry,152,"odom(152,153)","[152, 153]","[0.015404063705286908, -0.00109182438902896, 0.005797725511838436]",0.42797225666150185,1.0
154,odometry,153,"odom(153,154)","[153, 154]","[0.015382720773956415, -0.0011399853145002622, 0.005960904471078443]",0.43468710749066053,1.0
155,odometry,154,"odom(154,155)","[154, 155]","[0.0052442620589722155, -0.0006398454173803594, 0.00610529636496393]",0.3528045730607644,1.0
156,odometry,155,"odom(155,156)","[155, 156]","[-0.007040410621182547, 0.00711267630819884, -0.0054605416156015]",0.3869281213050833,1.0
157,odometry,156,"odom(156,157)","[156, 157]","[0.005100020833000762, 0.007379256872232759, -0.007153378451883796]",0.45933085930310996,1.0
158,odometry,157,"odom(157,158)","[157, 158]","[0.009377716849151396, 0.006655622293282601, -0.007905167409994363]",0.5080434947041118,1.0
159,odometry,158,"odom(158,159)","[158, 159]","[0.009820318172856557, 0.006550110956373371, -0.009451823392289782]",0.5853507969454336,1.0
160,odometry,159,"odom(159,160)","[159, 160]","[0.009468802928300324, 0.006634453570301228, -0.011090695550129759]",0.667241342604184,1.0
161,odometry,160,"odom(160,161)","[160, 161]","[0.04629055850186786, -0.000529052146362341, -0.011187180702775912]",1.046361351029562,1.0
162,odometry,161,"odom(161,162)","[161, 162]","[0.05203071944813731, 0.003698099695009803, -0.011933486187361009]",1.1600154882138465,1.0
163,odometry,162,"odom(162,163)","[162, 163]","[0.05191833312018679, 0.00394862170159814, -0.013028558243970423]",1.1948664341741266,1.0
164,odometry,163,"odom(163,164)","[163, 164]","[0.052192103728958994, -0.003304135484648696, -0.01071793412719435]",1.1242610347272792,1.0
165,odometry,164,"odom(164,165)","[164, 165]","[0.03141763772462136, -0.01719772905864651, -0.006954036417402332]",0.8467565995612535,1.0
166,odometry,165,"odom(165,166)","[165, 166]","[0.00635733943958372, 0.05544174776062567, 0.029306780233980145]",2.274524504260026,1.0
167,odometry,166,"odom(166,167)","[166, 167]","[0.014084046251561566, 0.055207665336120676, 0.023286363787276]",2.056032554923858,1.0
168,odometry,167,"odom(167,168)","[167, 168]","[0.016461100887427693, 0.05509972534309247, 0.01009326552173917]",1.6977493637113836,1.0
169,odometry,168,"odom(168,169)","[168, 169]","[0.014174584157327308, 0.05320355385687568, -0.0022818423049577596]",1.5469966133606263,1.0
170,odometry,169,"odom(169,170)","[169, 170]","[0.017744471662977657, 0.05302765327451733, -0.008421050218963]",1.6181512186487426,1.0
171,odometry,170,"odom(170,171)","[170, 171]","[-0.014954409169145477, 0.029782036555128365, -0.000763785034366915]",0.8943076250541231,1.0
172,odometry,171,"odom(171,172)","[171, 172]","[-0.013776816488280219, 0.029875044205824312, -0.008383833839049615]",1.0041268360299627,1.0
173,odometry,172,"odom(172,173)","[172, 173]","[-0.045929119465929924, 0.024035527708774262, -0.01090118192327516]",1.2392434649304986,1.0
174,odometry,173,"odom(173,174)","[173, 174]","[-0.06833186831827426, 0.012566930509670535, -0.012116804663340197]",1.4579475874338812,1.0
175,odometry,174,"odom(174,175)","[174, 175]","[-0.06938981659950061, 0.011577301513870836, -0.014774223580475088]",1.5410483080423978,1.0
176,odometry,175,"odom(175,176)","[175, 176]","[-0.03833494764454848, 0.003558618088348925, -0.01679489391942912]",1.1690710460063385,1.0
177,odometry,176,"odom(176,177)","[176, 177]","[0.0026888435618735163, 0.009154911193565204, -0.014012507966664867]",0.8226955801551533,1.0
178,odometry,177,"odom(177,178)","[177, 178]","[0.0029698713836943114, 0.009140662211141334, -0.016302029833819898]",0.9441166955078182,1.0
179,odometry,178,"odom(178,179)","[178, 179]","[0.0015242074779814319, 0.009198764757805743, -0.01780972969503125]",1.0241161651637984,1.0
180,odometry,179,"odom(179,180)","[179, 180]","[-0.009935431326399818, 0.008295198391549019, -0.017736487051839944]",1.029436310621104,1.0
181,odometry,180,"odom(180,181)","[180, 181]","[-0.04965172268949081, 0.013344736287862341, -0.034774635363873596]",2.1662588012099384,1.0
182,odometry,181,"odom(181,182)","[181, 182]","[-0.04755956161197128, 0.01454081208313017, -0.03697587965894744]",2.267187931891066,1.0
183,odometry,182,"odom(182,183)","[182, 183]","[-0.004155219956625322, 0.017278320164319325, -0.038802107393949736]",2.212767187686579,1.0
184,odometry,183,"odom(183,184)","[183, 184]","[-0.009583264073015352, 0.016920731816454333, -0.04197550715414122]",2.3879237179287,1.0
185,odometry,184,"odom(184,185)","[184, 185]","[-0.0068149691987452465, 0.017139306419511943, -0.045873952457736955]",2.598129318221917,1.0
186,odometry,185,"odom(185,186)","[185, 186]","[-0.027422055865847783, 0.011319344333680745, -0.02514138554783063]",1.5179168507750973,1.0
187,odometry,186,"odom(186,187)","[186, 187]","[-0.028972597668795397, 0.010667163840897775, -0.026146490657336763]",1.5749211683577409,1.0
188,odometry,187,"odom(187,188)","[187, 188]","[-0.03533546215067629, 0.006832749430744162, -0.027259100048484086]",1.656580991424152,1.0
189,odometry,188,"odom(188,189)","[188, 189]","[-0.0376400632312377, 0.004371182159437478, -0.028889350087692556]",1.7492461239722938,1.0
190,odometry,189,"odom(189,190)","[189, 190]","[-0.03754161593925043, -0.0008614483543095235, -0.028829857771492495]",1.7412136560221656,1.0
191,odometry,190,"odom(190,191)","[190, 191]","[0.015939420710782026, -0.007164688374236519, -0.01695314117277924]",1.0064579317406932,1.0
192,odometry,191,"odom(191,192)","[191, 192]","[0.015797903005886682, -0.007215845367146173, -0.01488518013401885]",0.8993676763224088,1.0
193,odometry,192,"odom(192,193)","[192, 193]","[0.015785162854120516, -0.007220336205886135, -0.014172591445818394]",0.8630608194969347,1.0
194,odometry,193,"odom(193,194)","[193, 194]","[0.014371906755701103, -0.007689031354954107, -0.012624455928460065]",0.7800305990038606,1.0
195,odometry,194,"odom(194,195)","[194, 195]","[0.01587330179833346, -0.007188380400969623, -0.010799482345733136]",0.696735606812292,1.0
196,odometry,195,"odom(195,196)","[195, 196]","[0.024595846767041296, -0.0011818397322541745, -0.0004924199808842289]",0.4493038342134816,1.0
197,odometry,196,"odom(196,197)","[196, 197]","[0.02003082242483567, -0.0009309771744595782, -0.00024141632160867843]",0.36541304820489523,1.0
198,odometry,197,"odom(197,198)","[197, 198]","[0.020077077592812964, 0.0007491194218758324, -0.0008603909283459998]",0.3687756426567843,1.0
199,odometry,198,"odom(198,199)","[198, 199]","[-0.008296491308850684, -0.003733951038822316, -0.005244511041456512]",0.3450036248407516,1.0
200,odometry,199,"odom(199,200)","[199, 200]","[-0.008638245970661818, -0.0036046325972252866, -0.0048909453388872315]",0.3303115021801241,1.0
201,odometry,200,"odom(200,201)","[200, 201]","[-0.02669280816448527, -0.011442925785397226, -0.021037072485263764]",1.3070388161632,1.0
202,odometry,201,"odom(201,202)","[201, 202]","[-0.02628120709199433, -0.011598118183141395, -0.018438873628709995]",1.177921331157868,1.0
203,odometry,202,"odom(202,203)","[202, 203]","[-0.02556066648701316, -0.011859263683522123, -0.017017356178026244]",1.1066120246811622,1.0
204,odometry,203,"odom(203,204)","[203, 204]","[-0.02428355950662231, -0.012382294174208658, -0.014424982520406804]",0.9809801352171078,1.0
205,odometry,204,"odom(204,205)","[204, 205]","[-0.017168339893020246, -0.014201722731644967, -0.010791720957935791]",0.7883723368985511,1.0
206,odometry,205,"odom(205,206)","[205, 206]","[-0.002240664329080655, -0.0038542462359503105, -0.012766254589722248]",0.7188898546320891,1.0
207,odometry,206,"odom(206,207)","[206, 207]","[-0.0020396209149645683, -0.0038725202356196774, -0.01202632147560978]",0.6782429622028211,1.0
208,odometry,207,"odom(207,208)","[207, 208]","[-0.0019621766023468767, -0.003879109139316342, -0.011265771818745218]",0.6366140659356876,1.0
209,odometry,208,"odom(208,209)","[208, 209]","[-0.002053750475630556, -0.003871360608522975, -0.010795628729642015]",0.6110136039737964,1.0
210,odometry,209,"odom(209,210)","[209, 210]","[-0.001988265934687705, -0.003877022672287886, -0.00988782546932443]",0.561545861631891,1.0
211,odometry,210,"odom(210,211)","[210, 211]","[-0.041531193712899594, 0.006245656011994352, -0.01230076341282249]",1.0339443463846218,1.0
212,odometry,211,"odom(211,212)","[211, 212]","[-0.014098659085967191, 0.006879811259516068, -0.014342961454861136]",0.8598185675878856,1.0
213,odometry,212,"odom(212,213)","[212, 213]","[-0.014706755582806819, 0.006667878993775231, -0.015134046716198224]",0.9026108768225796,1.0
214,odometry,213,"odom(213,214)","[213, 214]","[-0.019350924326655528, 0.004303907484107167, -0.015819018599994017]",0.9545988816211856,1.0
215,odometry,214,"odom(214,215)","[214, 215]","[-0.02064799320977162, 0.0031650292819863993, -0.01645739942147717]",0.9925022053438519,1.0
216,odometry,215,"odom(215,216)","[215, 216]","[-0.06081035180016853, -0.028603421877848412, -0.04718721112667357]",2.9601776802544277,1.0
217,odometry,216,"odom(216,217)","[216, 217]","[-0.055793593351700754, -0.03023419850690242, -0.039616956222263244]",2.572823638811951,1.0
218,odometry,217,"odom(217,218)","[217, 218]","[-0.05273087579711866, -0.03548145862548205, -0.03100280262743338]",2.216636049646714,1.0
219,odometry,218,"odom(218,219)","[218, 219]","[-0.050164997544327516, -0.03608704001760525, -0.02631948814799623]",2.008233453160483,1.0
220,odometry,219,"odom(219,220)","[219, 220]","[-0.04722158245750241, -0.036733361776812266, -0.01725944771551191]",1.6607410078085019,1.0
221,odometry,220,"odom(220,221)","[220, 221]","[-0.15976238163831002, -0.07994850724816704, -0.05048146585015978]",4.639054201671455,1.0
222,odometry,221,"odom(221,222)","[221, 222]","[-0.14881655021669588, -0.08334144375357497, -0.043426800939757815]",4.337255971883299,1.0
223,odometry,222,"odom(222,223)","[222, 223]","[-0.13761603973815228, -0.08643974534270753, -0.02691192002254006]",3.8203861298417126,1.0
224,odometry,223,"odom(223,224)","[223, 224]","[0.013833500151698042, -0.1026949118718864, -0.006402866770976345]",2.966306450937879,1.0
225,odometry,224,"odom(224,225)","[224, 225]","[0.18387409704262203, -0.0813691375528256, 0.016745366137072448]",4.176967278626719,1.0
226,odometry,225,"odom(225,226)","[225, 226]","[0.590139415709185, -0.268738469336393, 0.02120579113849219]",13.246587810022259,1.0
227,odometry,226,"odom(226,227)","[226, 227]","[0.5732360681445668, -0.2746784368549319, 0.10847993646482612]",14.371466005316949,1.0
228,odometry,227,"odom(227,228)","[227, 228]","[0.48688362237981864, -0.30077236998568097, 0.1915547031830438]",16.29307573819388,1.0
229,odometry,228,"odom(228,229)","[228, 229]","[-0.6583925410363956, 0.35120229479143356, 0.1542466236850375]",17.8162786935039,1.0
230,odometry,229,"odom(229,230)","[229, 230]","[-0.4937401987758671, 0.3930034669787976, 0.09148284166348564]",15.24801148823531,1.0
231,odometry,230,"odom(230,231)","[230, 231]","[-0.006774906509510181, 0.28090226531505136, 0.061925099819290175]",8.732917690406829,1.0
232,odometry,231,"odom(231,232)","[231, 232]","[0.060152683469682666, 0.26157465717093564, 0.026253055272665637]",7.6926914608850945,1.0
233,odometry,232,"odom(232,233)","[232, 233]","[0.07602189473232779, 0.26089805918282666, -0.037565285887404265]",7.863299181788518,1.0
234,odometry,233,"odom(233,234)","[233, 234]","[0.057314237070976715, 0.2616795723378178, -0.09888759648897416]",9.336284599820418,1.0
235,odometry,234,"odom(234,235)","[234, 235]","[-0.004240656183840619, 0.26269889757697035, -0.1330850275643649]",10.535972991019145,1.0
236,odometry,235,"odom(235,236)","[235, 236]","[-0.17476197153134432, 0.014930368422621715, -0.00815783222982347]",3.2378726482743527,1.0
237,odometry,236,"odom(236,237)","[236, 237]","[-0.17726580888393462, -0.008850695277401871, -0.005644110412383885]",3.248090441431893,1.0
238,odometry,237,"odom(237,238)","[237, 238]","[-0.1771449549804959, -0.009245541476971668, -0.005295566241122263]",3.2449956311660144,1.0
239,odometry,238,"odom(238,239)","[238, 239]","[-0.1663783698020449, -0.008623605957534877, -0.003262738317829861]",3.04048671368899,1.0
240,odometry,239,"odom(239,240)","[239, 240]","[-0.16654395454909499, -0.008077577935863972, -0.0011116117831884154]",3.0374819077968844,1.0
241,odometry,240,"odom(240,241)","[240, 241]","[-0.04754190167231298, -0.01370104681893223, -0.01574687239443051]",1.2906374272856935,1.0
242,odometry,241,"odom(241,242)","[241, 242]","[-0.04647708543144169, -0.014287520347148114, -0.014213451448744863]",1.2264802378464998,1.0
243,odometry,242,"odom(242,243)","[242, 243]","[-0.046002462959249146, -0.014537208021987803, -0.011255217495187875]",1.1238687988476705,1.0
244,odometry,243,"odom(243,244)","[243, 244]","[-0.04517920114779428, -0.014954473445285665, -0.007727627708921325]",1.0206043724617146,1.0
245,odometry,244,"odom(244,245)","[244, 245]","[-0.04500575221543679, -0.015039766672797807, -0.005622684818113122]",0.9756111700554926,1.0
246,odometry,245,"odom(245,246)","[245, 246]","[0.04007373449091778, 0.0004283213243976014, -0.021976485103834875]",1.4218518449291486,1.0
247,odometry,246,"odom(246,247)","[246, 247]","[-0.001920401032595831, -0.0006111421017570683, -0.006794392677174077]",0.3794796762509126,1.0
248,odometry,247,"odom(247,248)","[247, 248]","[-0.0016238957631122264, -0.0007386782664502156, -0.006684008522865437]",0.37310316130167787,1.0
249,odometry,248,"odom(248,249)","[248, 249]","[-0.0008724227325177525, -0.0009236463033241056, -0.006478969020991876]",0.36125725049316176,1.0
250,odometry,249,"odom(249,250)","[249, 250]","[-0.000836710879877578, -0.0009289776928386659, -0.006261795586204766]",0.34922013141609853,1.0
251,odometry,250,"odom(250,251)","[250, 251]","[-0.000536921907504484, -0.004346796011840612, 0.002011558664133606]",0.16735675694595825,1.0
252,odometry,251,"odom(251,252)","[251, 252]","[-0.0002917382136466973, -0.004350572016648228, 0.003032767568565742]",0.20944458930944415,1.0
253,odometry,252,"odom(252,253)","[252, 253]","[-0.005452406549135369, -0.0031653634187784573, 0.0038269390283680593]",0.25141386294201223,1.0
254,odometry,253,"odom(253,254)","[253, 254]","[-0.00534794292832852, -0.003194423937902008, 0.004523245255651176]",0.2844857726842795,1.0
255,odometry,254,"odom(254,255)","[254, 255]","[-0.005488220848077596, -0.0031551298102653128, 0.0048961658511612605]",0.303434718557445,1.0
256,odometry,255,"odom(255,256)","[255, 256]","[0.0012259794368927324, 0.001745186104740136, 0.0009409158594948508]",0.07560165487703972,1.0
257,odometry,256,"odom(256,257)","[256, 257]","[0.0013309547932773835, 0.0017325667809343533, 0.0005847363395661276]",0.06396356169319307,1.0
258,odometry,257,"odom(257,258)","[257, 258]","[0.0014143806879456933, 0.0017217304417876979, 0.00038488540525882797]",0.05948451717926911,1.0
259,odometry,258,"odom(258,259)","[258, 259]","[0.0013834818952601635, 0.0017258770526400822, 2.1683246309578408e-09]",0.05535600169589085,1.0
260,gps,0,gps_0(pose 0),[0],"[0.34253395608263215, -0.7600166050540471]",1.3445797758946072,1.0
261,gps,1,gps_1(pose 7),[7],"[-0.20590829359765195, 0.2928376632497056]",0.5773925980236133,1.0
262,gps,2,gps_2(pose 14),[14],"[-0.46165939993721494, -0.4979651801124536]",1.0952298450617999,1.0
263,gps,3,gps_3(pose 21),[21],"[-0.8622778574938472, -0.29321869817052537]",1.468982379479099,1.0
264,gps,4,gps_4(pose 28),[28],"[-0.0028187489894087037, -0.24394097828078998]",0.39347945664996525,1.0
265,gps,5,gps_5(pose 35),[35],"[-0.054322439099767195, -0.006143108018433097]",0.08817529906928286,1.0
266,gps,6,gps_6(pose 42),[42],"[-1.9804227527226992, 0.7873563220122133]",3.437415880084865,1.0
267,gps,7,gps_7(pose 49),[49],"[0.5874280320749534, 1.103428869204631]",2.0162109417307494,1.0
268,gps,8,gps_8(pose 56),[56],"[-4.320097370338503, 3.479000687209199]",8.94640753489674,1.0
269,gps,9,gps_9(pose 63),[63],"[-0.8054984777867542, -0.5370819472537249]",1.5615075960043785,1.0
270,gps,10,gps_10(pose 70),[70],"[0.28814535615995895, 0.9038185394567915]",1.5300626874849292,1.0
271,gps,11,gps_11(pose 77),[77],"[0.37414604384893924, -1.4902624567160494]",2.4782442826144178,1.0
272,gps,12,gps_12(pose 84),[84],"[0.4369115733206862, 0.3307851652607786]",0.8838806045774359,1.0
273,gps,13,gps_13(pose 91),[91],"[0.19826307465246007, -0.2508154313196309]",0.515666696551271,1.0
274,gps,14,gps_14(pose 105),[105],"[-1.1855398202855039, -0.0923557433074203]",1.9179543879745442,1.0
275,gps,15,gps_15(pose 126),[126],"[3.2991743303295724, -2.5143339045579776]",6.690424114527117,1.0
276,gps,16,gps_16(pose 147),[147],"[0.46140798657791926, -1.7592995805362328]",2.933547901200704,1.0
277,gps,17,gps_17(pose 154),[154],"[0.8925583756379902, 0.9439815223509012]",2.0953851282634886,1.0
278,gps,18,gps_18(pose 161),[161],"[1.3816427176532269, -0.08823531421126951]",2.232995676846505,1.0
279,gps,19,gps_19(pose 168),[168],"[-0.2053735431814765, -0.6197071728670451]",1.0529865266178673,1.0
280,gps,20,gps_20(pose 175),[175],"[0.3646077697817951, -1.093314330924458]",1.8588841242204974,1.0
281,gps,21,gps_21(pose 182),[182],"[-3.4427149198600127, -3.98701434976836]",8.49627595544334,1.0
282,gps,22,gps_22(pose 189),[189],"[-0.2963274289999962, 1.096501012701338]",1.8319942563611629,1.0
283,gps,23,gps_23(pose 196),[196],"[0.5739908088359389, 0.14606588484316052]",0.9552972571340845,1.0
284,gps,24,gps_24(pose 203),[203],"[0.3596473686783249, -0.5104782069401036]",1.0071728050359692,1.0
285,gps,25,gps_25(pose 210),[210],"[1.4510939526673212, -0.0411671647999543]",2.3414157841817733,1.0
286,gps,26,gps_26(pose 217),[217],"[1.4054007524258276, 0.5247407893728342]",2.4196258831778077,1.0
287,gps,27,gps_27(pose 224),[224],"[2.7775615980365034, 0.20134339265825751]",4.491692989532103,1.0
288,gps,28,gps_28(pose 231),[231],"[7.485028500933088, 1.5622549644807666]",12.332782914947678,1.0
289,gps,29,gps_29(pose 238),[238],"[1.37777391973426, 0.1503701909245443]",2.2354118176132913,1.0
290,gps,30,gps_30(pose 245),[245],"[-0.24665119039205674, 0.3876035985959927]",0.7410116256584883,1.0
291,gps,31,gps_31(pose 252),[252],"[-0.20148356726194194, 0.7230354109138073]",1.2106188093019754,1.0
292,gps,32,gps_32(pose 259),[259],"[-0.49146753917041863, -0.28753159398898376]",0.9183848300957683,1.0
293,loop,0,"loop_0(0,84)","[0, 84]","[-0.3169276985082134, -0.23770244362388415, 0.021448579409911517]",2.521481550879943,1.0
294,loop,1,"loop_1(23,176)","[23, 176]","[0.07077131469804585, -0.35180647451620006, 0.01945949166823846]",2.284146570687222,1.0
295,loop,2,"loop_2(47,144)","[47, 144]","[-0.28409236454746334, -0.12243911397508546, -0.0944859955300208]",2.854289188534166,1.0
296,loop,3,"loop_3(76,211)","[76, 211]","[-0.13125460744918194, -0.19341667340529342, -0.00427489809277537]",1.4640057754873137,1.0
297,loop,4,"loop_4(149,246)","[149, 246]","[0.19502097000641871, -0.2981380552544138, 0.09398702155322702]",3.052874726995406,1.0
298,loop,5,"loop_5(89,198)","[89, 198]","[0.19107039978017668, 0.18508638952666412, -0.03264701096833189]",1.8139975708470883,1.0
299,loop,6,"loop_6(42,146)","[42, 146]","[2.8265978713898803, -0.22794884299169518, 0.7297528054874522]",24.02307084209848,1.0
300,loop,7,"loop_7(118,228)","[118, 228]","[-4.500702695801129, 15.93705453501374, -0.24210160513179835]",103.64207837127915,1.0
301,landmark,0,lm_0(pose 0),[0],"[-0.07258347159134537, -0.09088966082072147]",2.046539089455219,1.0
302,landmark,1,lm_1(pose 0),[0],"[-0.46075126055527615, 0.006988560372075181]",2.1000740828516458,1.0
303,landmark,2,lm_2(pose 5),[5],"[0.24154891394522782, -0.029543628365485297]",1.2792648347321622,1.0
304,landmark,3,lm_3(pose 5),[5],"[-0.2649443221450971, -0.009192112088928894]",1.2214933521376021,1.0
305,landmark,4,lm_4(pose 10),[10],"[0.016856339476166937, 0.020821331749758087]",0.46899724123250625,1.0
306,landmark,5,lm_5(pose 10),[10],"[-0.08663661707453496, -0.0035310729821591558]",0.4015444202496569,1.0
307,landmark,6,lm_6(pose 15),[15],"[0.029711681436800474, -0.018718324372160478]",0.43733780995670535,1.0
308,landmark,7,lm_7(pose 15),[15],"[0.05942938683307197, -0.00841487007860664]",0.32854234031160284,1.0
309,landmark,8,lm_8(pose 20),[20],"[-0.2434924155450826, 0.04853481471006171]",1.5453942469630937,1.0
310,landmark,9,lm_9(pose 20),[20],"[-0.7091787023047402, -0.012122764216038195]",3.2347767783197923,1.0
311,landmark,10,lm_10(pose 25),[25],"[-0.009773014867231922, -0.009262793707146777]",0.21057880409143817,1.0
312,landmark,11,lm_11(pose 25),[25],"[0.16945105074810396, 0.0337789524620602]",1.075510532305588,1.0
313,landmark,12,lm_12(pose 30),[30],"[-0.2698704550504232, -0.017656195154070353]",1.2879051373148998,1.0
314,landmark,13,lm_13(pose 30),[30],"[-0.00859352493669352, -0.02729528169815687]",0.6078182582191913,1.0
315,landmark,14,lm_14(pose 35),[35],"[-0.2563542299586601, -0.02351559808997372]",1.2770581837167785,1.0
316,landmark,15,lm_15(pose 35),[35],"[0.2450405529784243, -0.014696406724588051]",1.160713353871658,1.0
317,landmark,16,lm_16(pose 40),[40],"[0.054344243773690515, -0.21713082738173872]",4.831448353856441,1.0
318,landmark,17,lm_17(pose 40),[40],"[-0.08967581295457006, -0.003949103962941791]",0.4169572304776264,1.0
319,landmark,18,lm_18(pose 45),[45],"[0.08127298715151277, -0.06712476212798135]",1.5367259946763348,1.0
320,landmark,19,lm_19(pose 45),[45],"[0.0939002795593753, 0.008692130960124889]",0.46849230300131367,1.0
321,landmark,20,lm_20(pose 50),[50],"[-2.7446953044801803, -0.3954901873418626]",15.260685110654697,1.0
322,landmark,21,lm_21(pose 50),[50],"[-0.40852738185135706, 0.05470222134113856]",2.2194439178196297,1.0
323,landmark,22,lm_22(pose 55),[55],"[-0.5017378668948678, 0.032830927322521575]",2.3944810240750667,1.0
324,landmark,23,lm_23(pose 55),[55],"[0.41280528111683257, 0.005343842053621373]",1.8801416513901457,1.0
325,landmark,24,lm_24(pose 60),[60],"[-0.21067232510271872, 0.02648406293374217]",1.1239989861097515,1.0
326,landmark,25,lm_25(pose 60),[60],"[-0.06951040145253806, -0.020929128504523664]",0.5622621797154487,1.0
327,landmark,26,lm_26(pose 65),[65],"[-0.20391675782609386, 0.04249594246828137]",1.3232301929931782,1.0
328,landmark,27,lm_27(pose 65),[65],"[-0.050409284891581585, 0.001267534405835491]",0.23085793839840263,1.0
329,landmark,28,lm_28(pose 70),[70],"[0.0029947143502333518, 0.15821507792324319]",3.5159169715993897,1.0
330,landmark,29,lm_29(pose 70),[70],"[-0.30292741045250615, 0.08796067599285351]",2.390973004717297,1.0
331,landmark,30,lm_30(pose 75),[75],"[-0.26418607897049906, -0.01630492563927799]",1.2543185061100173,1.0
332,landmark,31,lm_31(pose 75),[75],"[-0.2437906888992094, -0.15654697203000234]",3.651050926738251,1.0
333,landmark,32,lm_32(pose 80),[80],"[-0.06076463802784016, 0.0518952283874623]",1.1858419969521807,1.0
334,landmark,33,lm_33(pose 80),[80],"[-0.0018697809246406294, -0.005079265461578775]",0.11319208976611352,1.0
335,landmark,34,lm_34(pose 85),[85],"[0.06579582245109172, -0.07335496548753007]",1.6573182396971147,1.0
336,landmark,35,lm_35(pose 85),[85],"[0.02348631118935529, -0.03707065784096075]",0.8306808938816683,1.0
337,landmark,36,lm_36(pose 90),[90],"[0.14899183337786148, -0.10005607491084145]",2.324319144806886,1.0
338,landmark,37,lm_37(pose 90),[90],"[0.11024873093511811, 0.002739446628551079]",0.504814651954161,1.0
339,landmark,38,lm_38(pose 95),[95],"[-0.016510024317040184, -0.054832619359649115]",1.2208114313164582,1.0
340,landmark,39,lm_39(pose 100),[100],"[-0.5537890682101834, -0.11902806546232947]",3.6514103010175765,1.0
341,landmark,40,lm_40(pose 105),[105],"[-0.8791885567602664, -0.1120909790822644]",4.709048993687519,1.0
342,landmark,41,lm_41(pose 105),[105],"[0.45956638810339356, -0.1752639207506248]",4.419589304560405,1.0
343,landmark,42,lm_42(pose 110),[110],"[0.3270062014049726, -0.4593028470300049]",10.314392691853293,1.0
344,landmark,43,lm_43(pose 110),[110],"[-1.9935221395287979, -0.07689326400058771]",9.22116719188834,1.0
345,landmark,44,lm_44(pose 115),[115],"[1.589460881776735, -1.2455460798272624]",28.606190297147336,1.0
346,landmark,45,lm_45(pose 120),[120],"[1.1321218857517472, 1.5355773030482904]",34.50977673016251,1.0
347,landmark,46,lm_46(pose 120),[120],"[-0.26301747936138664, -0.47255321037282183]",10.569017666922813,1.0
348,landmark,47,lm_47(pose 125),[125],"[0.14450514082673616, -0.39022827246679537]",8.696580065564936,1.0
349,landmark,48,lm_48(pose 125),[125],"[0.8240593369005165, 0.5580655030424846]",12.954788759185469,1.0
350,landmark,49,lm_49(pose 130),[130],"[0.6380229722256154, 0.06150430674438967]",3.206032598725047,1.0
351,landmark,50,lm_50(pose 130),[130],"[-0.6627107619345591, 0.09109258159397315]",3.629296013874956,1.0
352,landmark,51,lm_51(pose 135),[135],"[-0.029008694415613823, -0.018850821367354165]",0.4391692688980808,1.0
353,landmark,52,lm_52(pose 135),[135],"[0.11051514661595796, -0.011555657424825228]",0.5641714177768347,1.0
354,landmark,53,lm_53(pose 140),[140],"[0.1361433508741805, 0.0006952393763475229]",0.6190262420367592,1.0
355,landmark,54,lm_54(pose 140),[140],"[0.09535847450869639, -0.011795770957922613]",0.5065452081270024,1.0
356,landmark,55,lm_55(pose 145),[145],"[0.8646720494094664, 0.09860010764046656]",4.499828065572908,1.0
357,landmark,56,lm_56(pose 145),[145],"[-0.8485217020898714, 0.1802582699906794]",5.560733316803197,1.0
358,landmark,57,lm_57(pose 150),[150],"[0.16529447950192022, 0.1149879837604093]",2.6634581032669886,1.0
359,landmark,58,lm_58(pose 150),[150],"[-0.14032888599318927, 0.014445320822955132]",0.7140792224166506,1.0
360,landmark,59,lm_59(pose 155),[155],"[-0.09116652524745739, 0.08479788646940278]",1.9294236590087224,1.0
361,landmark,60,lm_60(pose 155),[155],"[-0.05630808679325927, -0.021582701449013975]",0.5436353462290574,1.0
362,landmark,61,lm_61(pose 160),[160],"[-0.2635887730002686, -0.051403799768500846]",1.6554098858570825,1.0
363,landmark,62,lm_62(pose 160),[160],"[-0.007133530206868244, 0.05104736830852641]",1.1348492856965167,1.0
364,landmark,63,lm_63(pose 165),[165],"[-2.129435087758224, -0.27753159104272473]",11.477121801262879,1.0
365,landmark,64,lm_64(pose 165),[165],"[-0.18184633224127378, -0.02625322767447935]",1.0117244849290792,1.0
366,landmark,65,lm_65(pose 170),[170],"[0.22744631656549252, -0.06609711599200141]",1.7961864301152373,1.0
367,landmark,66,lm_66(pose 170),[170],"[-0.35186961518683724, -0.023947762008447615]",1.685618996986126,1.0
368,landmark,67,lm_67(pose 175),[175],"[-0.12061336562267, 0.051070368067319905]",1.2603813994161486,1.0
369,landmark,68,lm_68(pose 175),[175],"[-0.028301938792306025, -0.04845925977645882]",1.0845293137105527,1.0
370,landmark,69,lm_69(pose 180),[180],"[-0.14197942004088526, 0.0786378369898868]",1.8628669419736235,1.0
371,landmark,70,lm_70(pose 180),[180],"[0.18508325798893743, 0.007140138426879883]",0.8561196213395722,1.0
372,landmark,71,lm_71(pose 185),[185],"[0.25054250401059797, -0.008052563409957969]",1.1528028424784107,1.0
373,landmark,72,lm_72(pose 185),[185],"[-0.23647041229292753, -0.13934267258759192]",3.277754088914884,1.0
374,landmark,73,lm_73(pose 190),[190],"[-0.11725177181489754, -0.06885296078898584]",1.6202316100119691,1.0
375,landmark,74,lm_74(pose 195),[195],"[-0.06730771522957557, 0.017394121401573148]",0.49296240474758324,1.0
376,landmark,75,lm_75(pose 195),[195],"[0.11205067984786155, -0.0812798279460969]",1.876654753096454,1.0
377,landmark,76,lm_76(pose 200),[200],"[-0.3999987337801425, 0.07620309406771852]",2.4846277054110404,1.0
378,landmark,77,lm_77(pose 200),[200],"[0.021082116884661772, 0.04217039976696224]",0.942006822012215,1.0
379,landmark,78,lm_78(pose 205),[205],"[0.076855938995819, 0.003277339452215422]",0.35685603207523786,1.0
380,landmark,79,lm_79(pose 205),[205],"[-0.40324928846763, 0.012215371375011053]",1.852942815123996,1.0
381,landmark,80,lm_80(pose 210),[210],"[-0.15430663220417173, 0.018659965222645347]",0.8148012285130337,1.0
382,landmark,81,lm_81(pose 210),[210],"[0.632127591933294, -0.010096341768611516]",2.882053659469359,1.0
383,landmark,82,lm_82(pose 215),[215],"[0.3983531356629433, 0.19898673496842134]",4.778290759253411,1.0
384,landmark,83,lm_83(pose 215),[215],"[0.08608701139651131, 0.0111990744696846]",0.46373993714662076,1.0
385,landmark,84,lm_84(pose 220),[220],"[-1.0600541376022705, 0.014850300350782497]",4.829715500447793,1.0
386,landmark,85,lm_85(pose 220),[220],"[-0.6650044444044667, 0.30663713032585393]",7.454512572909952,1.0
387,landmark,86,lm_86(pose 225),[225],"[-0.248981481798082, -0.6266602559949348]",13.971695209336884,1.0
388,landmark,87,lm_87(pose 225),[225],"[-1.0636602769364014, 0.931633305896562]",21.26001244646322,1.0
389,landmark,88,lm_88(pose 230),[230],"[-2.174817660616205, 0.8478889500727989]",21.277779100860993,1.0
390,landmark,89,lm_89(pose 230),[230],"[0.586582209206667, -1.0683533008436559]",23.89043539829776,1.0
391,landmark,90,lm_90(pose 235),[235],"[0.6935788713010729, -0.7918882665539799]",17.877686916185198,1.0
392,landmark,91,lm_91(pose 235),[235],"[-1.6811452819057138, 0.013045287093489843]",7.647066308583317,1.0
393,landmark,92,lm_92(pose 240),[240],"[-0.4494842779319823, 0.11111145701022984]",3.2048353295345033,1.0
394,landmark,93,lm_93(pose 240),[240],"[0.38973324667365716, -0.0008064643462493137]",1.7716054058597621,1.0
395,landmark,94,lm_94(pose 245),[245],"[0.39741761550371546, 0.11932216615668434]",3.2084639638553356,1.0
396,landmark,95,lm_95(pose 245),[245],"[0.5100863471372801, -0.01885651163398183]",2.356135810963443,1.0
397,landmark,96,lm_96(pose 250),[250],"[-0.23288425465145224, -0.027973429228291824]",1.227593364532362,1.0
398,landmark,97,lm_97(pose 250),[250],"[-0.26529994955199676, -0.020637855713074416]",1.2901734705771222,1.0
399,landmark,98,lm_98(pose 255),[255],"[0.1542279012750991, -0.007605885479677443]",0.721123432766287,1.0
400,landmark,99,lm_99(pose 255),[255],"[-0.008319015034015997, 0.0300114715891473]",0.6679927279781089,1.0
